feature_1,feature_2,feature_3,feature_4,feature_5
22.483570765056164,12.778532642594925,15.0,5.366602270270154,21.48970164188047
19.308678494144075,15.728249921410391,15.16030991057452,5.220897634570151,2.162530079960201
23.23844269050346,5.804297278542577,15.320555442072031,7.02356822940826,2.1377018329577577
27.61514928204013,11.688907710071712,15.480672241269605,7.451589879023199,0.3632542570466235
18.829233126383322,8.048072292634519,15.640596006642097,5.064191493472064,28.695041948984404
18.8293152152541,8.538623848705912,15.800262514185077,10.504388108897817,22.12525078377021
27.896064077536955,8.222818227283392,15.959607643206645,5.106740971358016,10.597542255061924
23.837173645764544,7.408027690960552,16.11856740207774,6.558701776191244,8.896067438629657
17.65262807032524,10.145564883834481,16.277077953930625,7.469280008122478,10.491096892375486
22.712800217929825,7.507149650766887,16.43507564229523,9.095407104909523,23.239605935435456
17.682911535937688,10.811370477339516,16.592497016663042,7.5041349457440525,19.841118332112433
17.671351232148716,9.84928567165259,16.749278857968267,8.236231745193452,5.555867036024038
21.20981135783017,9.283155859400772,16.905358203976075,5.8293654982928675,5.22328006002253
10.43359877671101,7.277309013875207,17.060672374567687,8.372909138695846,2.9518694914019195
11.375410837434837,8.269686008295002,17.215158996912177,5.167012899516325,19.809081591040144
17.188562353795135,12.26617367747727,17.368756030514838,9.504100637570431,22.93117986665208
14.93584439832788,11.502751562873142,17.521401792132146,6.586343365757859,7.951392849750121
21.571236662976368,7.067334265604346,17.673034980543186,8.399795219331038,0.6283488309273844
15.459879622393945,10.297996916287678,17.82359470116771,6.204121943870093,2.4651500242928206
12.938481493323543,12.254161370115368,17.973020490520877,7.063278003440177,29.035801045350915
27.32824384460777,4.991784156635885,18.121252340494852,6.494795627917539,8.863343324322608
18.871118497567323,11.630080577139806,18.268230722457567,7.630475669973841,23.07669443514401
20.33764102343962,8.01212872316246,18.413896611158876,5.170309799777912,18.739907065627914
12.876259068932717,11.711796005779478,18.558191508434618,5.12450006263803,11.458189189586877
17.278086377374088,7.71022253037245,18.701057466698952,5.5676543150798325,6.170617865866653
20.55461294854933,4.585353698006443,18.84243711221562,5.3476229730303,3.641592544782193
14.245032112888486,5.117372686350512,18.982273668138742,9.108071114004797,18.450389041165998
21.87849009172836,10.144254839984146,19.1205109773139,5.494908316361108,23.239013419133638
16.996806550405974,10.779167505164445,19.257093524830367,12.448205618868187,19.31712760623392
18.541531251033618,7.2870501246867745,19.39196646031544,5.821646248662859,15.90906399747475
16.991466938853016,11.915777376332121,19.525075619961846,5.402074207957706,1.258536702949088
29.261390922544688,5.015439813193121,19.65636754827947,8.118426195188695,29.054663327831513
19.93251387631033,9.80176060405805,19.785789519562623,7.150032410683037,23.961425749637236
14.711445355220498,6.3669514007126295,19.913289559064236,6.379090217446867,8.784661101028941
24.112724560515943,8.044491676593523,20.038816463868447,6.620996598231241,29.39910988076552
13.895781750144888,10.142196013949242,20.162319823453274,7.540237879457933,18.056447689089662
21.044317975023777,7.418759904148143,20.28375003993504,5.518719891373413,17.472679746217395
10.201649380601122,8.846333367310525,20.403058347986445,16.21726246409541,22.442195382885963
13.359069755507846,13.018878427643322,20.52019683442031,12.36127995578019,24.353093642704128
20.984306179345616,8.269324391430555,20.6351184574311,7.101506180265114,19.69435821994508
23.692332899977053,12.507076336195425,20.747777065486503,5.445143556937786,3.8428723909860008
20.85684140594985,6.610879436027146,20.85812741586149,7.280295590550738,10.148025179834953
19.421758588058797,11.589412533745849,20.966125192807397,5.149874743668587,27.842509209781493
18.494481522053555,14.324705861973701,21.071727025348757,5.062264233047239,6.7384683553155575
12.607390048162863,2.585066499618132,21.174890504700706,5.595957506277793,11.1650107151254
16.400778958026457,7.60931423358857,21.275574201299982,6.242110603746878,12.96230648832588
17.696806145201062,11.73121638154162,21.373737681442677,9.054039850381681,13.182149690833565
25.285611131094576,9.390863841871022,21.469341523522075,7.597805957635778,18.388187474835764
21.71809144784231,11.113437620113926,21.56234733386002,7.715075809498644,28.292275132341228
11.18479922318633,8.188044439852538,21.652717762125498,6.108487158814828,7.2207813549751485
21.620419846973974,10.2597693624187,21.740416516334182,5.849097065378965,3.645041289027542
18.074588597918417,9.532968293823762,21.82540837742301,5.927371301094594,5.924114695798119
16.615389998470206,13.503346184979423,21.907659213393835,13.788127783033008,26.607747006278085
23.05838144420434,10.763262529903638,21.98713599302055,5.081871484087857,19.37432437965618
25.154997612479754,11.012807986225607,22.063806799114154,9.035285983511478,8.577203677174804
24.656400595580994,8.764369101632598,22.13764084134039,6.728703482705325,24.47840816905852
15.803912383886807,8.53718132778252,22.208608468584906,6.1546981620693195,25.84109989090308
18.453938120743928,8.702325436541138,22.276681180860876,7.583843134977741,25.39543016070834
21.65631715701782,11.18335642713489,22.341831640754354,6.333668607198428,27.567796009186633
24.877725635611796,8.73704655753921,22.404033684402727,9.133812682535535,7.567230605200848
17.60412881077355,10.869324570689239,22.463262332001918,9.619256959240749,22.65125786238835
19.071705116680914,16.226202395936316,22.51949379783805,6.095397402708049,13.8161849182242
14.468325129969859,12.613374110295076,22.57270549983958,5.648215814170284,25.259956586701847
14.018966879596647,9.021929403496477,22.622876068646065,6.7946942438818185,21.854720314848397
24.062629111970992,13.603641766491835,22.669985356189926,9.869111879047198,23.293423394991738
26.781200142854114,8.775773880935345,22.71401444378772,5.473121797900049,19.684855130432144
19.63994939209833,3.8856263944664384,22.754945649737728,6.950842915399151,5.322863084091206
25.01766448946012,6.975741067247788,22.79276253642078,6.996956000451087,16.35080756690815
21.80818012523817,4.3876242369224325,22.827449916901443,7.641860030253711,29.540092185735247
16.77440122697438,8.945459547876073,22.858993861026992,5.282131259405321,28.121641994913567
21.80697802754207,10.055255137568656,22.887381701021603,7.51632981825422,1.29521207391035
27.690182832329846,15.029311936825849,22.912602036573652,9.794506412578489,4.944444471883114
19.820869804450243,10.980782121292489,22.93464473941398,5.396129121560289,3.951863203636857
27.82321827907003,9.342698413573407,22.953500957383287,5.542419183374324,21.779397299558866
6.901274479551278,12.488216743550467,22.969163117987126,12.108354077723023,24.53355989570835
24.10951252187612,3.366594072976344,22.981624931436926,5.3992861095103155,6.405340989320157
20.435235341190857,10.706843674325699,22.990881393175915,8.853579535513315,15.17558078855487
18.504963247670663,12.3125955816609,22.996928785888922,6.355641885107098,25.221090840336
20.45880388267751,5.564241262660476,22.999764680995206,5.567993939988741,21.98404634298752
10.062155426995536,13.431262129620787,22.99938793962376,9.092012003489698,16.26711616475545
18.90164056081244,11.015489222483243,22.99579871307067,6.178674651119912,17.710430713763188
21.78556285755873,8.754136258297596,22.98899844273835,6.446459738202236,15.250816407488399
27.38947022370758,11.898345598318855,22.978989859556698,5.890179918355615,8.926453539564617
17.40864890863176,16.81207857341319,22.96577698288637,6.797642685370157,16.950659785770483
15.957531985534061,10.545598765175486,22.949365118904645,5.357114595235263,20.66655906150272
17.491214782077318,10.744661758901008,22.929760858474502,5.992141812726947,26.19968747582423
24.57701058851037,8.621917301379268,22.90697207449779,11.974316083642288,19.088740619377443
21.643755548298422,7.4504668916056245,22.88100791875355,5.5971717608480125,22.83364611129474
17.351198981164806,12.491007449632736,22.85187881822272,7.138514769034206,4.80214904863719
22.56633716556678,7.4317485222733985,22.81959647090076,5.786648408777854,13.846724232593697
20.4853877467402,10.214698711658178,22.784173841099836,7.96978338141433,0.2799485948127989
24.843224952664446,8.56702765970465,22.745625154242468,5.280533559220274,7.400365935648691
16.489734530613237,11.436939477239175,22.703965891148723,12.0012209088488,21.793851453390147
18.361689267011158,11.000986315860844,22.65921278181924,6.209501844329475,29.754298540480903
18.039459234339212,13.112619832773698,22.611383798716613,5.53850708699544,2.975342987616477
12.682425259339407,8.46995080343576,22.560498149547815,5.152675445111874,12.044829475838647
21.48060138532288,9.190375194119886,22.506576269550532,5.372075880209188,24.002129060974784
21.305276360899448,7.063708852653078,22.449639813286563,6.466996690859163,6.121069038866965
20.025567283212304,8.667120219771665,22.389711645945518,5.821970159610333,16.65254847906859
18.827064333124266,11.131901479134557,22.326815834162375,8.530819768244315,21.992138880890245
12.92314628974793,12.270965849936056,22.260977636352507,6.127354381371185,18.47956350780537
17.896773386173205,7.233504027467124,22.192223492568132,5.571938473951702,5.640742038462484
18.286427417366152,12.608817760316981,22.120581013880223,6.920197833146935,10.661537060572183
15.988613653891905,14.066913576414853,22.046078971290115,7.45364521391869,23.513753534561918
19.193571441669953,11.240304709671102,21.968747284175354,5.365543895371694,16.6267954239605
22.020254284072692,15.630387437674198,21.888617008274295,5.366930540261522,0.1568884062873821
29.43092950605265,7.678632402689281,21.80572032321442,5.074721456018965,22.829722800842816
20.872889064159196,6.266035890065749,21.720090519589252,7.6666602415796685,1.059340648207172
21.28775195361382,4.663839253287164,21.631761985589158,7.180125050294198,22.372013481936964
19.627770421169163,14.488132934467549,21.54077019319133,6.287308339270585,6.0744168049571226
10.406143923504793,11.963096969062173,21.44715168391457,8.7179849813523,28.742204403581407
19.867430622753915,9.833245987268635,21.3509440541445,8.276396642338703,11.038222539062534
20.301151049705133,10.839905878959462,21.2521859400352,6.760662027271843,9.807948490142373
32.316210562426434,6.623532858104871,21.150917001993268,9.054021253058005,4.46664150997334
19.038195176094387,17.33725593885048,21.047177908750513,5.460943700741147,9.168126464706447
21.507736711668063,10.387663545925683,20.941010321031776,5.237386042780569,26.299522854846018
19.826441151473784,10.328184383814678,20.832456874824317,5.628735611456216,29.89003012881742
14.156609811902339,12.177299871696075,20.72156116425559,5.117562213459926,11.04928591520545
25.714114072575104,11.443027695210139,20.6083677240862,6.515028085667888,13.458318928636277
23.759665163433873,10.671652072837395,20.492922011825137,10.516762410803933,21.66212814608211
23.955159735215233,7.628576633664064,20.375270389474444,5.080276832818765,26.585873413952235
15.453062726026305,11.414405071407987,20.255460104910604,5.260467759966233,17.791330025603525
27.013971554680495,15.6460734894251,20.133539272910244,6.203686496603861,11.74577094533488
12.990744686038596,14.036260138464932,20.009556855827608,10.43241730775199,12.378655225458711
22.934285469001352,14.77955987991819,19.883562643931747,5.7600512221135745,20.868544394904205
30.952278129049894,8.466352970706446,19.755607235411127,6.41544500754269,0.09654790812836045
15.047318374346558,7.031185539224257,19.625742016053884,5.084923466002103,18.58768012379522
17.16851135198614,9.622639239701055,19.49401913861169,5.321143302672838,10.664790313240722
20.498256825438204,10.167174736866084,19.360491501855687,13.629502169066757,23.825919938312527
17.482621729419005,13.282574555412847,19.22521272933278,11.711608615639818,2.789719194693965
12.246682844669337,4.922606110855542,19.088237147830895,5.009904445947655,17.646068008451714
20.342814874030136,14.588650958381841,18.949619765561803,11.06528159735763,14.429186696583713
14.688481431369475,9.525976304263033,18.8094162500703,7.038419227137002,19.26976577715682
22.36796215317591,8.71935679015774,18.667682905878596,9.048669133953021,1.9456078344890504
15.402878828830985,6.963686874219498,18.52447665187491,6.212984538184019,17.399513622843937
27.749672025087698,5.0354299844026915,18.379854998455336,6.449672137395542,16.844537638785713
16.083733538318814,12.469511751885744,18.23387602442816,6.3421709990177195,16.819802832485127
18.38969241897162,10.219953901565212,18.08659835368992,7.198410474131167,18.104629997893646
24.067586086848348,6.130117300776838,17.93808113168253,5.300834908418914,20.294038116790865
13.845678417830225,6.1147636838091515,17.788384001641028,5.060863961839942,24.149669990423092
21.137299673020646,8.992645902129615,17.637567080641315,5.7361361760275615,8.09462160384643
26.53571377141214,15.007064575868178,17.485690935457683,7.439396695081679,24.75148230540186
11.962583827193862,9.221225945909186,17.33281655823973,5.450926108873221,14.94767046790361
20.92316929266152,5.490571140645681,17.179005342018417,7.2382368186639585,2.3117483740299347
21.299413971242117,9.262770807742168,17.024319056051173,12.00726078045842,1.756527877319376
23.90911435888655,9.181829290756989,16.868819821015876,5.197212787443574,10.027149560881824
13.81524644560959,1.9093400711752846,16.712570084063746,7.233158167809073,23.546909313344027
13.397716934578618,9.837115400446564,16.555632593741095,6.173075679514347,21.230428042227473
22.60970782808449,9.307196409373965,16.398070374790056,9.052063244387032,23.658448940172192
21.48492336616593,12.088619094440254,16.23994670283838,5.389962198117288,15.518071693248281
21.252464251729382,15.546868284836036,16.08132507898852,7.359379752760708,13.205969938664717
21.732241047484877,13.379695088643272,15.922269204316095,8.641741723195292,4.423575801188519
16.599876392107547,9.193333928335509,15.762842954288113,10.786864774760545,9.845782608279347
21.161268485805017,6.6804222737749885,15.603110353111138,7.299272469969244,13.020580985216258
21.465362366493405,17.72007940974958,15.443135548019697,6.375025225223079,2.658012890388517
16.42824290986816,10.177655302043465,15.282982783515338,6.923869711101883,6.618358581336338
29.328872555723784,10.041787875738839,15.122716375566558,9.063665818735823,17.946758821912166
22.36916460455894,9.92762473866999,14.962400685780091,6.690778184138011,22.069893427175696
14.043482513986756,10.594254282303565,14.802100095553822,5.0617166354678105,29.95042534178849
23.28276804316915,9.566918764228173,14.641878980221795,10.345811014598347,27.99339994030673
15.126591648863393,8.279013979359291,14.481801683201615,7.3393150720223,19.276955986055746
23.93542301871226,8.359423176278824,14.32193249015469,7.257195087758978,12.63744159882216
25.79297789503702,9.901740189352005,14.162335603169678,5.485863996036048,19.08532094124698
15.896588408241447,8.369725686598706,14.003075114979461,7.1510739873361775,23.56954854240696
24.81688064622161,7.861462651968507,13.844214983222079,6.001303129791718,3.5500857277016196
22.06390463468249,10.31929068307569,13.685819004755867,7.106702271374473,12.297146690888647
24.11030079997245,9.235068347737434,13.527950790039224,5.2254261375653925,25.194068569068516
29.483964913269737,14.511978965748066,13.370673737585157,7.144984636931714,11.51498855799132
18.773059419985646,2.047090574820964,13.21405100850103,19.883445819408813,17.156168136815594
16.23131917821255,13.274520555767385,13.058145501123567,5.098825997788602,17.633080825865946
15.552427851872384,13.738255577492886,12.903019825759463,12.559726225124457,5.5342875940091805
15.920948575172808,3.7798293027755516,12.748736279541587,6.044811364909195,10.867063249568652
19.614491452929478,8.971937217758953,12.595356821411013,9.092066922031506,10.035338662257963
21.70575987408322,8.885677402012625,12.442943047234849,8.050060113868586,0.7859012559619438
21.383453996650097,5.7774649158465365,12.291556165069842,6.674110211853105,0.7257529167406573
24.13591624518012,7.666549937227375,12.141256970581784,7.682253571705317,24.950911310273202
20.065009459389536,6.668272463602514,11.992105822630466,9.215938201916678,8.192124299184373
27.267670385786584,15.256811330270867,11.844162619030104,6.035500157297405,15.542362987164463
18.67671583381022,12.807035179442384,11.697486772494875,5.792118449582013,8.961767207663192
33.600845832948096,13.814665284982476,11.552137186779305,7.202792634344614,28.220377353460215
23.12833673882503,12.165016192129706,11.408172233023004,8.298915685942147,7.778902765973212
15.714212217918586,6.612844686348312,11.265649726309345,7.873366737641025,12.889704382168052
14.645537509694439,8.42643920116068,11.124626902447407,8.19713095289555,26.181907514538054
22.412362076215928,11.468123683683753,10.985160394986568,6.143924993483773,25.25800700375426
18.882686073370746,6.333616573324164,10.847306212472986,8.405676212771727,5.583042535388319
23.57000247046046,12.138995290517164,10.711119715957008,5.256141925307143,24.079299293871312
22.366188122867726,9.279023805525595,10.576655596760688,6.572671256688566,13.74560660213678
19.635855436715637,8.875537577351208,10.443967854514199,5.011550611032508,14.489066162560656
15.766031409657975,12.132879904610474,10.313109775470064,5.784858381886376,4.004399172478314
12.425763876570677,11.33278993445812,10.184133911103844,5.912869125258372,2.41804541271374
17.767425239664895,8.91710150254276,10.05709205700993,6.008934070377335,21.838179209212957
24.28199397161736,13.477989410092745,9.932035232100862,7.377953004062288,14.893834570658992
21.07046872065102,6.7568100172003085,9.809013658118602,5.983870685422813,13.105521078455386
13.77130610644006,11.84780682083279,9.688076739465885,6.190929171127857,21.8852468595719
20.86590462925591,11.779303773905152,9.56927304336585,5.542421297463956,22.96538696973329
21.926586898644185,9.07136068205803,9.452650280357881,5.934420801101353,4.767245030080607
15.580712818994336,10.978399066726354,9.338255285137427,5.515650195066097,18.30675448432924
20.76862552972764,6.246659270844091,9.226133997747628,5.152026176510774,4.060622468330566
20.29104359223,12.772081057620703,9.116331445130168,6.849899190636912,22.54125258087137
14.285148510846884,9.445293590671033,9.008891723042856,7.206522950142138,19.708654688014185
21.788936801741418,8.431830938442882,8.903857978351144,6.932487460296836,28.698438632503738
22.80392263184117,13.147027677510668,8.801272391700714,6.245355230033895,2.0687404906926354
25.415256215876383,7.886968928371722,8.701176160578111,5.955380689559799,1.7116416345376295
25.269010260174515,5.774616110909321,8.603609482766172,8.98042544378951,8.465612240796004
13.111653160214544,5.330112479428289,8.508611540200942,6.464116109603188,7.851170512077179
15.310874800424386,11.818029854036919,8.416220483236561,6.304708783030499,7.409363972159994
22.5751763360433,6.15871194251115,8.326473415324397,5.051953107884029,27.1876374156311
22.568929754561044,15.264382545953094,8.239406378112639,5.834815762821595,7.486385995485183
22.575238431530238,3.754211776348834,8.155054336972245,5.956702729797611,8.15849178385893
39.26365745327361,15.089369104870116,8.073451166955195,6.017731028395998,22.78194787253891
22.854452553465833,10.633052401607856,7.994629639190531,6.735822109730542,13.4921952735162
25.677828200902994,9.709860664388822,7.9186214077237755,6.525434208705738,23.301316708655435
24.770008817466014,8.365242739573151,7.8454569968049155,6.87250271654964,1.9609847269315572
23.25695625652899,11.197408343056212,7.77516578863015,7.895346257573762,14.62713581020153
18.42365377679827,9.887095892725455,7.707776011542247,8.35314080297033,1.008408005498479
23.794846102466337,13.309905646049565,7.643314728694272,7.532569487662782,1.8795961036606357
16.13587392731214,10.34268294598612,7.581807827181279,11.225597450008411,27.193123600332328
18.815906966299956,10.450905284385632,7.523280007644264,5.0368016891654,4.177361133527855
17.573182260854484,8.909163363358433,7.4677547743506025,5.435759821425026,15.972620468256514
20.409370696931614,9.829163128836798,7.415254425754937,5.015183237062831,12.332868078021196
31.573292833367542,10.923405306676177,7.365800045544319,7.085265852815503,10.42029978776528
10.66367403704126,4.8694948220301235,7.31941149417117,9.566164020132954,26.995000370618175
23.43130095187257,5.955443733682861,7.276107400877507,5.558058688555547,0.654701903264685
11.936420644051742,12.229792282068145,7.235905156213585,10.235538332447437,19.913690585267673
17.640340671052833,10.512596314383826,7.198820905054016,5.124319803877441,28.901833026406514
25.444752984836832,9.448049990941962,7.1648695401141245,10.449457846000236,16.805045503855258
20.321400095477316,10.05530179919618,7.134064695969149,5.866564958613077,28.104673860992754
14.611276110353469,11.042745116085014,7.106418743578732,5.213880922783874,1.567736378580713
16.42348145370016,8.380720959071915,7.081942785318835,6.330565097798823,12.563799572224841
23.39798874467338,7.665085823793062,7.060646650523131,5.5935171261563434,7.804733728861535
16.34816684141432,10.587535765293044,7.042538891535618,5.670589985183324,21.924628949421894
21.082292947909874,7.0648816671549035,7.027626780276083,5.734287574322558,29.4389127149174
20.22785919951907,11.224758267143415,7.015916305319751,8.249366039930846,7.6959018733274345
16.741998261970913,4.892249187286479,7.0074121694923335,6.54941427627652,19.625238044222233
30.719720446626628,13.08746691197693,7.002117787981409,5.745921391506905,5.942928982792203
23.169595111590056,11.41779244723913,7.0000352869649145,6.884929521909025,16.959907637148298
9.874287066711965,10.768089202941628,7.001165502757291,7.518623449296203,13.917974600650085
20.93227157384714,12.948072951836542,7.005507981473628,5.636623484416092,29.16015988894611
16.69106767615806,14.99642333338773,7.0130609792119385,6.067332667918205,18.255818180893996
24.26216667398112,13.04311019505439,7.023821462753493,5.259957919042801,10.485191162604563
16.037396307836495,4.477377306005064,7.037785110780939,5.399707135444277,3.422873546638001
19.426317792665504,6.161269099792896,7.054946315613698,7.28586738525234,4.537404862048037
22.524936394902287,8.125544266912964,7.075298185459971,5.4004131229672945,6.759507898537053
24.328775970850607,10.078273150632501,7.098832547184411,6.4895689994642005,7.5289998402089395
13.998517964721119,11.552977061407368,7.125539949590395,7.469181998879371,25.518481735234133
18.327493820795258,7.822768560539603,7.155409667215534,5.226061767040941,16.83668364847575
17.62527344419522,10.560300293431235,7.188429704638933,6.675477745136294,15.701727341230994
16.73335383713144,7.733851202940032,7.22458680129844,5.592941920184968,3.443066156076524
28.827271201405484,8.165446591024155,7.263866436815989,11.589725943615852,25.80419080048305
22.024908554804778,5.780016709455333,7.306252836828838,6.321536742653614,21.68442909625451
13.695580228324774,7.230300261667287,7.351728979324433,8.279717434870719,2.0300508570000475
24.58930973527388,5.944946183150999,7.400276601476291,6.598022499987223,21.23505291689306
30.610780985063165,7.072380241068002,7.451876206978206,5.0887660985597325,16.30614652027938
25.162326302755734,13.160925389823518,7.506507073873784,7.005611967148704,2.4517603724033474
12.403150170229933,7.151803333504171,7.564147262878207,11.048401040249466,13.749019245859694
17.578829635668743,17.897146194512175,7.624773626188863,6.840656845507649,14.540888613901409
26.334555745933113,11.479953702642668,7.688361816781304,8.420604429415459,4.973236204898273
16.461652671906094,10.554508371084621,7.754886298186797,9.311893060308066,28.37094441000847
22.219097140731144,7.424926659456359,7.824320354747546,5.517748131673001,25.499261144419858
23.873170267146683,12.100929638226974,7.896636102345487,5.476628188360311,20.07067011987325
15.365347642109585,8.273086521286679,7.971804499600287,6.88825412941906,13.868866830018217
19.702373219691,10.366029443936084,8.049795359532126,6.058754864667154,12.352966247535255
3.793663299654636,17.680253614806382,8.13057736168452,8.663429964337848,19.529204014528624
14.878061793328552,9.71182030082605,8.214118064702362,9.605632707425713,16.362956082207162
18.7371592430342,13.447819978857027,8.30038391936006,5.872120956847029,1.8681931764565685
13.761084090175753,7.890470724622338,8.38934028203465,5.5406552292168865,15.375079463109952
28.162056519658176,9.895034528509115,8.480951428618349,8.033038591584898,24.192108516985186
12.849293110196836,15.31240190690653,8.575180568865076,5.642632245468332,13.777196327908742
17.799777566515083,8.119098826636698,8.671989861165063,8.45885785103807,1.5586973266280524
20.653702886430455,15.437345673990787,8.771340427741748,6.102386601510821,23.588345981520995
27.206366445330577,12.123255806366426,8.87319237026475,7.202531006410741,6.040913464079232
12.820689244102804,8.312599672317198,8.977504785872675,5.200824034582252,7.758625046641163
25.815818760774796,11.897223217166562,9.084235783599375,6.955584138130749,4.941190602968877
20.051165305097935,12.91766334888019,9.193342501196984,6.20211227592557,9.906451946144927
15.092456744760245,11.86542988665159,9.304781122349041,6.76672020813321,22.70254517065905
22.310517371316354,5.2893258403286305,9.41850689426673,5.3678798298463155,15.58157578511812
20.99529847786735,7.818588472525394,9.534474145661218,7.670242609497065,6.1464382245213764
16.998915614206027,9.257444093345486,9.652636305084851,8.972588526423756,26.334902344561225
20.349010424950094,9.77669971269986,9.772945919633862,5.4885806533770785,26.387455648545874
18.0734320156912,11.862016292652033,9.895354674005015,5.201220422525602,26.117352751380206
20.56758672625624,10.533103002799761,10.019813409898635,5.047844919863148,7.163886341446179
23.310653372605234,5.993966923869696,10.146272145760168,7.054285376099175,13.537180325429643
27.93008408072676,11.14059355301789,10.274680096852315,6.868369946647836,29.54968968422625
13.810922505865754,11.83175723585147,10.404985695649756,6.582390826767131,23.16037428929971
30.665166873281333,11.67937134379312,10.537136612548224,5.527793325882578,0.8150226367667945
10.239561002387491,13.242342176663865,10.67107977687964,5.991565330130411,1.9561377378147615
19.241074524822082,12.501766463646712,10.8067613982248,6.805152095078644,13.917941304369982
22.941586032422883,11.37754023768531,10.94412698801517,6.373403429983831,27.276606175846805
21.404959338675162,9.789502865624058,11.083121381415008,13.810266326762653,16.161053938581425
16.88650240089703,5.017117199452025,11.223688759475111,5.293383225230655,14.934375241028707
18.959388748213623,11.288854657397758,11.365772671549196,7.375835124840927,3.1642109986989175
17.534995326705836,10.623063061489333,11.509316057964,6.036099201620798,19.70340314172882
17.053176215278942,10.814736511586121,11.654261272933974,6.117930651303432,24.663094818006766
24.248010485105123,6.1697542725390715,11.800550107711299,7.528845722838106,11.41260022522687
21.785077429825236,6.756830378775213,11.948123813962036,7.358145150639629,23.268355527759823
16.535452023696728,13.159458559998711,12.096923127358947,14.47877361572874,28.934299617024347
24.497999377166252,9.881334538430036,12.246888291381554,5.274836248273166,6.112993773830673
21.536497604383047,12.044502092117874,12.397959081313804,5.2198745000813105,15.699888935842239
24.0643105941948,10.084955128391384,12.550074828429832,7.5771655313470845,8.614138742537266
23.14814420961806,10.089268418487235,12.703174444357968,6.727334500935961,23.78563257101518
15.855024945389639,12.814851417927994,12.85719644561334,5.6408531849000525,17.327800976434727
17.199094799015153,8.451865815347878,13.012078978289065,5.165501374695595,19.037472526509113
23.736468025616308,10.28836233082295,13.167759842896269,5.179101742127816,23.93742478847682
23.051851327167324,8.613174133884872,13.324176519342876,9.492237024931178,11.879114179873646
19.89549203017926,8.696511317703052,13.481266192041108,5.426058063719928,27.452702052211297
20.58663691654391,9.072483629594082,13.638965775133705,5.781265985895161,15.9908660173842
26.388324478942124,10.666401314901139,13.79721193782865,5.514063660191266,4.73864468506044
17.04214305582085,8.563754135009567,13.955941129832283,5.876998469620841,20.876973545064075
22.735486905850188,13.767268376720562,14.115089606870535,5.1439027214632596,23.797840513147634
18.98903673783053,7.316178093341488,14.274593456288084,6.46402464405107,9.5028503120258
18.9115939838639,9.439385067515923,14.434388622715117,5.1400136927548825,25.71537770996259
25.49388425993595,8.680806825177475,14.59441093379145,8.222444084318504,27.184297642972993
24.12708174494015,14.3409336530612,14.754596125937542,5.532394615368412,8.307134621334267
24.067548180003193,10.589664329534724,14.914879870162224,6.5531093822971895,29.505644181456663
26.527394035771646,13.095533618405906,15.07519779789668,9.241845632979484,4.221345841462752
20.105019208163796,5.543318880889084,15.23548552684427,7.104664080820529,6.060470052074699
23.40976485647482,10.801150797607777,15.395678686835938,6.522671265149463,5.526745177140784
18.44866621703272,12.668892386870311,15.55571294568069,5.784112084968292,26.819691300236112
21.62083176244221,10.246851967826272,15.715524035000893,5.809936202447694,19.628776569748855
19.349284728161578,13.196441125196053,15.87504777604184,7.214218301139472,4.563128496668186
20.48497982496359,8.448134649698883,16.034220105445414,15.278993349414609,13.20970255105047
22.97578512718457,14.228042320556739,16.19297710097741,7.168467453930463,18.458940752094062
15.908896583832638,16.89669437085775,16.351255007198088,6.631911021935963,2.5039225496814987
30.461936378427303,8.911484318681023,16.50899026106586,7.623491048385622,26.47249105222016
14.96991309250149,8.663492435797684,16.666119517463635,6.251745855964818,24.108106063246055
13.92905693606134,14.360153431353103,16.822579674637684,5.124053686966435,15.156203207299146
25.790554367500338,14.738716437192137,16.97830789953875,6.652428520287922,29.013798457775113
23.95831346981468,8.431419918540195,17.133241653055254,11.322406854590671,12.532829378252991
23.120599085260775,8.73943954871243,17.28731871512848,5.385478325881407,29.523309571094934
23.1417275463214,9.154646173418477,17.440477209739615,7.342397516936516,20.03759996410881
19.938766135765427,5.966648466897169,17.59265562975859,5.448622687484516,19.040138197618244
15.513728142570843,7.244044160547405,17.743792861644845,6.534998852052893,4.9786468588735495
20.37902279096863,6.987577699743796,17.89382820999001,5.203348967404722,26.45783274913932
16.61419144243944,7.696607304687615,18.042701421892613,6.197023315691761,12.824690637618454
24.875598667088756,9.895945337839656,18.19035271115516,7.822513317084914,4.867002173474381
19.264713092489306,10.702644197609562,18.336722782293744,5.854107522970908,0.3782255992727712
15.872514016037442,14.651501478442231,18.48175285435062,7.186722545752177,16.792670509151478
18.393070791735035,7.004937877783627,18.62538468450009,8.1738852858327,15.82198866368029
22.06465727137812,12.952967195429752,18.76756059143836,10.239469385408418,21.580608671074756
17.181377235980126,9.358033467323473,18.90822347854782,5.534823375431111,26.707741590534063
15.888898022167844,9.851608871042702,19.04731685682659,6.01937226582907,2.3821975392908854
21.218436057459563,12.024458476499811,19.18478486757398,5.330730690644805,21.94489471021087
21.224832855543614,6.631833935313104,19.320572304822875,14.78130992409611,5.622358322927466
17.46528412314435,11.147229238552152,19.454624637509998,10.234618194317145,25.74531159471492
17.644808471908387,10.499356624639168,19.586888031375075,6.552871197598245,24.571905415849685
21.16024968678818,11.477353792024447,19.71730937058024,8.690741984123942,16.22381264956633
12.759578292513378,10.867505931723453,19.845836279040867,6.471933910596572,21.307283958699344
12.962681128117223,17.365900419732682,19.972417141459406,6.954129697243461,9.430503395512451
16.40777889373782,8.086780047246052,20.097001124053577,5.186697959086044,14.135036967984439
18.932764241440765,8.407009134994547,20.219538194970827,7.815202870311477,24.64910693131415
21.554537827990025,8.130578420725707,20.33997914438066,5.273274670457814,13.777955915196417
27.376781084747762,8.333568642519236,20.45827560423691,8.49817746987068,10.733947959763254
24.288298116010097,8.087838618080447,20.574380067701902,8.04677813403733,14.826373417508997
19.200307350182864,13.567049593322656,20.68824590822479,7.467110138187218,24.84747757311655
19.904918960486555,14.261512743969565,20.799827398266416,5.073660736103106,10.056241421126181
14.987353176810956,8.287761118751572,20.90907972766305,5.7223080801031,5.212847794072314
19.90743432003805,7.502933280687314,21.015959021621775,5.610640278358255,21.360420609923423
18.55670680539931,11.414246669159212,21.12042235834024,5.893000524039034,24.779346381242455
21.613592801690448,8.343330867157086,21.222427786243685,5.183447281144756,3.019124355706
15.863845282238385,11.898795453266532,21.321934340832318,10.527902601784149,7.196223382678342
22.596732571205862,10.608769062553899,21.41890206113231,6.613986037526363,4.259159692829817
27.66369456501289,5.452767655008304,21.51329200574378,5.729196243895204,10.438242347465
19.456199257715713,14.642515603990185,21.60506626847932,6.011614862213198,13.510529367162379
22.008558610494706,15.387633019286564,21.694187993586805,6.18552720448526,22.464790108899194
23.450719958555563,8.161633928546841,21.780621390550326,6.835555340441584,19.534427546450225
17.993897640570818,8.836895320192047,21.86433174846338,6.450016504090879,18.627857024352934
21.120462409052084,10.857596172174715,21.945285449968427,10.036314093035294,10.571248398289633
20.062962003908975,11.003370369961075,22.023449984757384,6.374185025841579,25.243426592542797
20.48838049274416,11.975632818018491,22.09879396262744,14.69652653072047,14.138615021944936
16.13495108072267,16.03061361629905,22.171287126087115,8.81333022665656,29.373148140454635
20.122550871294713,9.469158317517852,22.240900362507404,5.4676773676788635,19.024264148872106
22.489991456227248,7.605108266384638,22.30760571581315,10.33559892117771,3.7879422469350823
27.25571803897521,5.862042315956418,22.37137639770996,5.247425559019886,20.28532686226302
24.796354130426035,7.807209880174243,22.432186798442174,8.401459148021452,9.75312046295097
30.765912287557782,9.90061908137861,22.490012497077505,5.958083237334194,20.589815900582924
16.163262185559752,15.383673590553363,22.54483027131426,9.207047536486472,2.0892344448721722
24.361603183603393,8.447166102891487,22.596618106807263,9.050765838311253,5.246443115278781
20.91671002869176,10.671363854916695,22.645355206008567,8.279025316714895,25.67211776717359
30.94901466608836,9.950731311781745,22.691021996519623,8.121585387128523,6.815386710705447
15.958508573224243,13.565179820344252,22.73360013895135,5.726763739183573,25.1112337572882
15.80139078909612,17.580797277620867,22.77307253428909,5.168762658401499,8.378282653632313
17.00303677277989,8.407393681239038,22.809423330759422,6.031609929484599,19.286457301761228
9.380521378450965,8.531681672445334,22.84263793019611,5.381170046733315,20.82451720529493
17.371224891596196,13.132482631207216,22.87270299390257,7.374566301954948,15.379642594351587
16.20433669223151,12.045674468878934,22.89960644800861,5.849600852426213,9.159320300901939
20.75196893238104,15.5401219772081,22.92333748831917,12.427180604254165,6.379331291132884
21.708779878885796,11.751784555977892,22.9438865846532,7.048710229072249,0.9956806368727866
29.380854196079433,8.922123727638821,22.9612454846709,8.457350350819876,9.118392037221714
24.75211919093025,11.771964492076927,22.975407217187794,5.284336417533119,19.59488371593849
17.115481721687985,13.326110741748723,22.986366094974272,8.961213086672903,28.14914455345448
15.50792664325821,12.461446543592093,22.994117717039572,10.121602897232265,26.136134467891562
22.459595857532527,11.521822093321893,22.99865897039915,6.3352002810964985,22.98194329605908
13.398833964896788,13.200024068767462,22.99998803132483,6.864093099649981,23.65342029759896
29.15729382927177,13.507886771337018,22.998104366077214,7.8947214686636755,19.94954710427986
25.897200603606436,14.14647697311258,22.993008731120014,5.384352616909158,7.80860572698009
17.654121739476476,11.946129662768929,22.98470317281627,6.396585096432789,27.215850921174894
11.434327354545612,9.498645759049436,22.973191026606536,6.017199631339135,20.121969357175022
26.769361870827062,10.440141059299968,22.958476915669408,5.316524222090522,16.8132189294132
19.42730077373691,13.61952689952507,22.940566749064896,5.916258964913463,3.3296840764044324
26.189081559867308,7.549192987038292,22.919467719361386,5.14121472540822,13.411666314192763
12.027861706028165,11.106019926618703,22.89518829974717,5.052301759937626,13.81074813605779
17.003124885231134,8.819983563017917,22.867738240627702,5.290436064657127,25.9369082856801
20.026218498590914,10.086234468804452,22.83712856570989,11.599906679954216,16.399446605633653
20.23490296882371,13.835355587821896,22.803371567575102,6.594925533116246,11.41201646911229
17.74967264260378,10.57329720405971,22.766480802742546,11.752355663768213,29.30400985531978
23.114249661737492,10.139309644468446,22.726471086225104,6.1330215820165,3.32161779978947
14.661897853087028,5.920431577060242,22.683358485579753,5.747398456661408,12.676452849358338
19.288102574893532,12.238760698081663,22.63716031445494,6.411013949554599,1.2607402551421587
20.601478158559495,11.936452543423226,22.587895125637623,6.1578937812530965,22.19712362300791
22.572194170293745,16.48976416991638,22.535582703602593,5.223349001196784,27.542296565974517
23.55807439044445,9.076665295140998,22.480244056567212,7.047898408794985,8.401119886514683
14.376789540810654,10.657450982991817,22.421901408054694,5.486789923996661,25.750250303973626
12.329429146321889,10.748151051132266,22.360578187969335,6.9330005690115275,8.766546913856933
26.388384109492545,14.732359839290423,22.296299023187245,7.100793678649239,27.323104849317456
21.661570059897958,9.714113402839144,22.229089727666437,5.329807903108893,22.61885710790352
16.25756731721723,10.837064577311018,22.158977292080138,5.126624417901063,24.14720330524316
27.755759877612615,11.823689529149618,22.085989872977585,8.03519098644786,0.540196668013635
20.578373171464293,10.559827369469074,22.010156781476585,6.231633244182772,28.884310712220778
25.896485920319133,8.660699156348414,21.931508471492435,5.119847800207632,21.800129762109698
20.337592407050543,10.582269978694923,21.850076527507888,15.54386395347333,9.142532861584
30.303739624409936,13.220895249579316,21.76589365188909,5.119034162848847,24.881839945765407
28.77670421221602,6.920454101766819,21.678993651752606,7.375118027000303,8.445635952447898
18.75517925760463,10.398909022440629,21.589411425388747,13.230596155313906,26.18261518698384
24.85785475477178,7.89963755518248,21.497182948246753,5.546717233914294,3.3774117123581107
23.226879747925736,13.585139886774527,21.40234525848734,5.30688372246717,21.110579323823874
26.843157787661745,5.430439285648676,21.304936442108502,5.2588168120480185,16.22095429934731
15.175382697099478,8.323234458185235,21.204995617650503,5.72272941188222,2.896034105863224
23.430257299992196,11.131635625193562,21.1025629204862,5.213046407103123,7.2568148477651695
25.29212243424794,14.696572087703021,20.997679486703042,7.356358939856367,0.3721210883194437
11.206302567884428,9.802749216781036,20.890387436583136,5.128632927599054,14.063038963935174
14.083707436671125,8.334401419920404,20.780729857688154,6.424342504869274,9.037957822800012
9.803839111199498,15.64347120832177,20.66875078755571,16.42575977359987,17.950724528932763
18.652965827777212,5.655958298751268,20.55449519601426,8.36369755335343,8.917134231258515
23.58771127897981,3.403582130139754,20.43800896712363,6.910164153239747,8.99757334520954
27.51178526048014,11.320043350159997,20.319338880748354,5.731297666173971,22.2957959619481
20.370473902098876,8.493837326942167,20.19853259377129,6.955778285638047,1.4442850793506035
28.143077727856458,6.93630154860786,20.07563862095504,6.4974951117590685,27.086849855759617
13.099492708925542,12.12506934189806,19.950706315458795,6.110542322633392,25.567916231735445
11.483087803224226,10.731402141313596,19.823785849018595,5.28015785172069,20.034140496792194
19.722261505516904,8.307764107789815,19.694928191798756,9.353742119624094,17.796647103221527
21.920327244696537,6.159086803987317,19.564185091922695,6.194891059585564,26.769074944189565
19.836526259529535,12.617371984840434,19.43160905469133,5.432888364122827,5.559905385861433
9.662789499800617,11.950603533875983,19.29725332149741,5.91697036676587,2.3690748657248584
19.55439980243606,9.702472408661851,19.161171848444248,6.069313869240268,7.185305097286143
13.477652497475734,15.539910988142998,19.023419284677345,8.515155502181067,23.83734836100571
23.348362744150194,6.789745701021542,18.884050950437857,7.645620645718557,1.0401080017944997
21.83299123048424,5.423424487225784,18.743122814846416,7.933316652340384,17.484205052504688
15.300601068363225,7.924275790356267,18.600691473426412,5.022185120043067,29.8631254857393
17.430665413316532,9.863241950933507,18.456814125375733,6.076236052881951,25.670882815126184
14.703932390555241,10.730018347968075,18.311548550596044,6.3130294420763216,15.643370671307684
19.68660451363414,9.27629182643101,18.164953086488914,5.0387576789328925,1.9092272785992703
24.775711602506192,11.05616618954289,18.017086604527943,5.601705408043653,24.941205431571294
15.071369768322281,6.245381727428668,17.868008486616578,7.856649363428756,17.969355245316315
22.520232577589223,14.331293812219778,17.7177786012408,5.294935434667779,3.4479899117870048
17.348711908137794,9.753546464822293,17.566457279426462,6.532770090529716,2.815718544700686
16.03563583868828,13.351887494764384,17.414105290510875,5.484657512153787,27.28880458309777
19.464848200227213,11.028176039133113,17.26078381773837,5.0243896604975555,20.076007888142353
14.823788387903129,11.370259657461352,17.106554433689627,5.552037923700599,24.878603979502667
17.23175347326409,11.709301840696611,16.951479075554676,12.448910046285757,26.36936700846802
14.010610537055758,11.343125680051944,16.795620020259403,8.234306315923094,17.153170561449667
29.823625664581947,11.928168279602632,16.639039859455742,11.416695100382466,15.523390552651238
20.176317759858645,13.987457590397295,16.48180147438538,6.338291248222336,12.912822309629705
16.50137246003707,10.58956350910441,16.323968010627183,5.232474908390385,9.508397633733578
21.06989955367111,12.127011272765536,16.165602852738484,6.587966954003389,13.037878825761354
19.43835975154585,9.73079291713832,16.006769598800393,6.211655262173857,23.216389671904693
18.895152002333884,14.320351646348419,15.84753203487736,8.720381774799618,18.057702930453946
23.070833500217127,7.970823093822191,15.687954109401213,5.2064646321732475,26.77569869864538
23.787538550236526,15.402821298732448,15.52809990749007,6.3398034712596925,13.301400431375631
17.34749426194736,9.87952614806697,15.368033625212274,5.325152367435849,18.212687361562622
17.1209087967766,5.707674693645855,15.20781954380581,5.785125190027409,18.93922659275966
18.62474151424178,10.384313244732368,15.047522003863522,7.673919756049582,17.750914869189767
8.490394176322075,7.9568450275753575,14.88720537949448,6.292596386583235,21.07901319256549
12.42404468900724,12.521930646966172,14.72693405247191,5.942851792843185,7.123004051244188
26.834371337222624,8.042128062092827,14.566772386377968,6.0033230803171564,15.370913326373719
28.224838567506417,8.66144970035566,14.406784700755976,6.230324321833846,3.12674408425043
18.75481980221811,4.331377807163407,14.247035245280182,8.074388403788928,11.535339829344377
22.882784815278832,8.64308104225277,14.087588173953662,9.452817032647493,14.630012058637933
21.556250772717682,2.7283620201131296,13.928507519344627,11.2171161260446,19.566727786364176
35.39440404227619,5.24829152954283,13.7698571668715,8.092019260911396,28.515931577586105
25.597874557172883,12.281243968432893,13.611700829147068,5.757861251208102,18.019531996450677
19.360412042596167,12.357400475952497,13.454102020392082,7.330367869362041,22.307817485296795
15.222297796997871,11.276372685354895,13.29712403092842,6.151094986729788,15.187981784856083
11.967768398712138,7.099071570612361,13.140829901762336,5.587858080497956,19.02312094128994
21.017318179336115,9.85686593157406,12.985282399267671,8.676087452381157,2.1279664840132027
16.218246273578483,9.989192382728294,12.830543989979436,5.078368233487512,7.631747425255409
12.88873145201163,6.524905932422372,12.676676815507793,9.640724186080744,10.855592796154161
16.767135578787368,14.510194905301452,12.523742667582518,6.237851869678559,14.174800650195408
14.592259981928025,12.632086871727015,12.371802963237984,7.027815262669115,1.369462365071512
28.435708175362823,9.337107478511008,12.220918720148571,7.153822471432525,4.20072292659953
24.408198784747253,10.080657516983592,12.071150532124555,9.509833796118041,8.304429233739173
19.960136793416915,10.625148423842658,11.922558544778123,7.024885784008543,29.14598072703152
27.39972069445013,3.874795394727128,11.775202431369408,6.903491728221744,9.940410213091523
20.38684153823809,9.258467852438208,11.62914136884224,5.137954401563811,14.461231743362475
15.693578993358681,7.9540472560066044,11.48443401405918,6.461316083978437,5.882931382151789
27.615620386348287,6.995139970315254,11.341138480245462,5.325435547513243,18.32340213227305
22.694550218423295,9.156699121342136,11.199312313651149,7.67450383828549,8.420496465479228
14.813769228367718,15.393059580548567,11.059012470441152,6.435789464650856,6.209777353152804
19.04830660958196,11.922528583801029,10.920295293822065,7.280292693343016,15.497178853379372
15.621908733076214,8.28646303065161,10.783216491415228,5.085132238832709,0.16517397481262464
13.08600134517832,11.717748344068475,10.647831112885042,5.177207869336957,0.22992097947675982
